hour,hour_value
0,0
1,0
2,0
3,0
4,0
5,0
6,0
7,0
8,0
9,0.03333333333
10,0.04166666667
11,0.06666666667
12,0.05833333333
13,0.05833333333
14,0.09166666667
15,0.09166666667
16,0.125
17,0.1416666667
18,0.1166666667
19,0.1
20,0.075
21,0
22,0
23,0